stem,orig_img,frag_img,gt_mask,iou_orig,iou_frag,chance_iou,niou_orig,niou_frag,score_orig,score_frag,noise_density,source_csv,norm_iou_orig,norm_iou_frag,delta_norm
COCO_val2014_000000391895_ann151091,outputs/experiments/noise_density/n0/assets/images/COCO_val2014_000000391895.png,outputs/experiments/noise_density/n0/stimuli/fragments/COCO_val2014_000000391895_ann151091_fragmented.png,outputs/experiments/noise_density/n0/assets/masks/COCO_val2014_000000391895_ann151091_mask.png,0.0545887374815301,0.8881588883854402,0.0528732638888888,0.0018112397499039,0.8819153685030814,0.9721623063087464,0.9466118812561036,0,outputs/experiments/noise_density/n0/metrics/sam_iou.csv,0.0018112397499040194,0.8819153685030815,-0.8801041287531775
COCO_val2014_000000391895_ann202758,outputs/experiments/noise_density/n0/assets/images/COCO_val2014_000000391895.png,outputs/experiments/noise_density/n0/stimuli/fragments/COCO_val2014_000000391895_ann202758_fragmented.png,outputs/experiments/noise_density/n0/assets/masks/COCO_val2014_000000391895_ann202758_mask.png,0.0026356114005516,0.543852065321806,0.0612152777777777,0.0,0.5141080549346455,0.9308426380157472,0.826034665107727,0,outputs/experiments/noise_density/n0/metrics/sam_iou.csv,-0.06239946708821657,0.5141080549346456,-0.5765075220228622
COCO_val2014_000000522418_ann455475,outputs/experiments/noise_density/n0/assets/images/COCO_val2014_000000522418.png,outputs/experiments/noise_density/n0/stimuli/fragments/COCO_val2014_000000522418_ann455475_fragmented.png,outputs/experiments/noise_density/n0/assets/masks/COCO_val2014_000000522418_ann455475_mask.png,0.0009188130742581,0.2035919677235855,0.2056705729166666,0.0,0.0,0.9294631481170654,0.9949442148208618,0,outputs/experiments/noise_density/n0/metrics/sam_iou.csv,-0.25776680664372253,-0.0026168049705944264,-0.2551500016731281
COCO_val2014_000000522418_ann1085508,outputs/experiments/noise_density/n0/assets/images/COCO_val2014_000000522418.png,outputs/experiments/noise_density/n0/stimuli/fragments/COCO_val2014_000000522418_ann1085508_fragmented.png,outputs/experiments/noise_density/n0/assets/masks/COCO_val2014_000000522418_ann1085508_mask.png,0.9250212073472638,0.9316190574939084,0.1777311197916666,0.9088147509197488,0.9168387079311986,1.000483155250549,0.9864211082458496,0,outputs/experiments/noise_density/n0/metrics/sam_iou.csv,0.9088147509197487,0.9168387079311985,-0.008023957011449756
COCO_val2014_000000184613_ann72124,outputs/experiments/noise_density/n0/assets/images/COCO_val2014_000000184613.png,outputs/experiments/noise_density/n0/stimuli/fragments/COCO_val2014_000000184613_ann72124_fragmented.png,outputs/experiments/noise_density/n0/assets/masks/COCO_val2014_000000184613_ann72124_mask.png,0.9155139679956604,0.9268093226114216,0.0424404761904761,0.9117694201732514,0.9235654018693282,0.9920020699501038,0.972582459449768,0,outputs/experiments/noise_density/n0/metrics/sam_iou.csv,0.9117694201732514,0.9235654018693282,-0.011795981696076874
COCO_val2014_000000184613_ann75495,outputs/experiments/noise_density/n0/assets/images/COCO_val2014_000000184613.png,outputs/experiments/noise_density/n0/stimuli/fragments/COCO_val2014_000000184613_ann75495_fragmented.png,outputs/experiments/noise_density/n0/assets/masks/COCO_val2014_000000184613_ann75495_mask.png,0.8639871850881026,0.8864394488759971,0.0372797619047619,0.8587203119558371,0.8820420028266106,0.9888321161270142,0.9209227561950684,0,outputs/experiments/noise_density/n0/metrics/sam_iou.csv,0.8587203119558371,0.8820420028266106,-0.023321690870773515
COCO_val2014_000000184613_ann286024,outputs/experiments/noise_density/n0/assets/images/COCO_val2014_000000184613.png,outputs/experiments/noise_density/n0/stimuli/fragments/COCO_val2014_000000184613_ann286024_fragmented.png,outputs/experiments/noise_density/n0/assets/masks/COCO_val2014_000000184613_ann286024_mask.png,0.8594285714285714,0.7620837405096594,0.0610952380952381,0.8502814829842268,0.7466023507989475,0.9931596517562866,0.9431829452514648,0,outputs/experiments/noise_density/n0/metrics/sam_iou.csv,0.8502814829842268,0.7466023507989475,0.10367913218527924
COCO_val2014_000000184613_ann1202318,outputs/experiments/noise_density/n0/assets/images/COCO_val2014_000000184613.png,outputs/experiments/noise_density/n0/stimuli/fragments/COCO_val2014_000000184613_ann1202318_fragmented.png,outputs/experiments/noise_density/n0/assets/masks/COCO_val2014_000000184613_ann1202318_mask.png,0.0406634563937934,0.0661532824354114,0.06675,0.0,0.0,0.9133406281471252,0.9324871301651,0,outputs/experiments/noise_density/n0/metrics/sam_iou.csv,-0.027952363896283527,-0.0006393973368214397,-0.02731296655946209
COCO_val2014_000000184613_ann2177286,outputs/experiments/noise_density/n0/assets/images/COCO_val2014_000000184613.png,outputs/experiments/noise_density/n0/stimuli/fragments/COCO_val2014_000000184613_ann2177286_fragmented.png,outputs/experiments/noise_density/n0/assets/masks/COCO_val2014_000000184613_ann2177286_mask.png,0.9060501205829924,0.1088943606990571,0.1102857142857142,0.894404438677095,0.0,0.999146580696106,0.962459683418274,0,outputs/experiments/noise_density/n0/metrics/sam_iou.csv,0.8944044386770948,-0.0015638206657995616,0.8959682593428944
COCO_val2014_000000184613_ann900100184613,outputs/experiments/noise_density/n0/assets/images/COCO_val2014_000000184613.png,outputs/experiments/noise_density/n0/stimuli/fragments/COCO_val2014_000000184613_ann900100184613_fragmented.png,outputs/experiments/noise_density/n0/assets/masks/COCO_val2014_000000184613_ann900100184613_mask.png,0.0296305479791718,0.0262679583695749,0.0439166666666666,0.0,0.0,0.9936912059783936,1.0098642110824585,0,outputs/experiments/noise_density/n0/metrics/sam_iou.csv,-0.014942336289543934,-0.018459382861073858,0.0035170465715299234
COCO_val2014_000000318219_ann491276,outputs/experiments/noise_density/n0/assets/images/COCO_val2014_000000318219.png,outputs/experiments/noise_density/n0/stimuli/fragments/COCO_val2014_000000318219_ann491276_fragmented.png,outputs/experiments/noise_density/n0/assets/masks/COCO_val2014_000000318219_ann491276_mask.png,0.4512569700406388,0.8900530139407029,0.3566153327338129,0.1470996157073011,0.829111584945793,0.9946967363357544,0.9741892218589784,0,outputs/experiments/noise_density/n0/metrics/sam_iou.csv,0.14709961570730107,0.8291115849457927,-0.6820119692384916
COCO_val2014_000000318219_ann509155,outputs/experiments/noise_density/n0/assets/images/COCO_val2014_000000318219.png,outputs/experiments/noise_density/n0/stimuli/fragments/COCO_val2014_000000318219_ann509155_fragmented.png,outputs/experiments/noise_density/n0/assets/masks/COCO_val2014_000000318219_ann509155_mask.png,0.5506860882415031,0.9360605936204278,0.1294430080935251,0.4838776600087691,0.9265534514408434,0.9939767718315125,0.967199444770813,0,outputs/experiments/noise_density/n0/metrics/sam_iou.csv,0.48387766000876914,0.9265534514408434,-0.4426757914320743
COCO_val2014_000000318219_ann1115907,outputs/experiments/noise_density/n0/assets/images/COCO_val2014_000000318219.png,outputs/experiments/noise_density/n0/stimuli/fragments/COCO_val2014_000000318219_ann1115907_fragmented.png,outputs/experiments/noise_density/n0/assets/masks/COCO_val2014_000000318219_ann1115907_mask.png,0.06047355828727,0.5101531432439292,0.034054631294964,0.027350332480732,0.4928834770306229,0.9684164524078368,0.9577831029891968,0,outputs/experiments/noise_density/n0/metrics/sam_iou.csv,0.02735033248073201,0.49288347703062296,-0.465533144549891
COCO_val2014_000000318219_ann1116927,outputs/experiments/noise_density/n0/assets/images/COCO_val2014_000000318219.png,outputs/experiments/noise_density/n0/stimuli/fragments/COCO_val2014_000000318219_ann1116927_fragmented.png,outputs/experiments/noise_density/n0/assets/masks/COCO_val2014_000000318219_ann1116927_mask.png,0.0002700270027002,0.0108093565926597,0.0285690197841726,0.0,0.0,0.7597642540931702,0.9928262233734132,0,outputs/experiments/noise_density/n0/metrics/sam_iou.csv,-0.02913124386375353,-0.018281960893986673,-0.010849282969766859
COCO_val2014_000000318219_ann1969884,outputs/experiments/noise_density/n0/assets/images/COCO_val2014_000000318219.png,outputs/experiments/noise_density/n0/stimuli/fragments/COCO_val2014_000000318219_ann1969884_fragmented.png,outputs/experiments/noise_density/n0/assets/masks/COCO_val2014_000000318219_ann1969884_mask.png,0.8120162464556671,0.9338649155722326,0.0337314523381295,0.8054539247922259,0.931556207031888,0.9884819984436036,0.9812662601470948,0,outputs/experiments/noise_density/n0/metrics/sam_iou.csv,0.8054539247922259,0.9315562070318879,-0.12610228223966202
COCO_val2014_000000318219_ann1969971,outputs/experiments/noise_density/n0/assets/images/COCO_val2014_000000318219.png,outputs/experiments/noise_density/n0/stimuli/fragments/COCO_val2014_000000318219_ann1969971_fragmented.png,outputs/experiments/noise_density/n0/assets/masks/COCO_val2014_000000318219_ann1969971_mask.png,0.7373737373737373,0.9588612311819944,0.0182329136690647,0.7324963667220188,0.958097221437979,0.963463306427002,0.977198362350464,0,outputs/experiments/noise_density/n0/metrics/sam_iou.csv,0.7324963667220188,0.9580972214379792,-0.22560085471596036
COCO_val2014_000000554625_ann30093,outputs/experiments/noise_density/n0/assets/images/COCO_val2014_000000554625.png,outputs/experiments/noise_density/n0/stimuli/fragments/COCO_val2014_000000554625_ann30093_fragmented.png,outputs/experiments/noise_density/n0/assets/masks/COCO_val2014_000000554625_ann30093_mask.png,0.4553933113518605,0.8549359044592966,0.0286384976525821,0.4393367584241001,0.8506590026574682,0.982239842414856,0.971684455871582,0,outputs/experiments/noise_density/n0/metrics/sam_iou.csv,0.4393367584241,0.8506590026574682,-0.41132224423336816
COCO_val2014_000000554625_ann200698,outputs/experiments/noise_density/n0/assets/images/COCO_val2014_000000554625.png,outputs/experiments/noise_density/n0/stimuli/fragments/COCO_val2014_000000554625_ann200698_fragmented.png,outputs/experiments/noise_density/n0/assets/masks/COCO_val2014_000000554625_ann200698_mask.png,0.4146160733582389,0.9064501160092808,0.1081279342723004,0.3436458555699549,0.8951084044611379,0.9941143989562988,0.9000929594039917,0,outputs/experiments/noise_density/n0/metrics/sam_iou.csv,0.3436458555699551,0.895108404461138,-0.551462548891183
COCO_val2014_000000554625_ann215463,outputs/experiments/noise_density/n0/assets/images/COCO_val2014_000000554625.png,outputs/experiments/noise_density/n0/stimuli/fragments/COCO_val2014_000000554625_ann215463_fragmented.png,outputs/experiments/noise_density/n0/assets/masks/COCO_val2014_000000554625_ann215463_mask.png,0.4675211185551995,0.8862301189282132,0.0230303697183098,0.4549688496547527,0.8835481907058017,0.8824983239173889,0.9519106149673462,0,outputs/experiments/noise_density/n0/metrics/sam_iou.csv,0.4549688496547528,0.8835481907058017,-0.4285793410510489
COCO_val2014_000000554625_ann1115813,outputs/experiments/noise_density/n0/assets/images/COCO_val2014_000000554625.png,outputs/experiments/noise_density/n0/stimuli/fragments/COCO_val2014_000000554625_ann1115813_fragmented.png,outputs/experiments/noise_density/n0/assets/masks/COCO_val2014_000000554625_ann1115813_mask.png,0.1027549288418853,0.5025289498203115,0.0280919894366197,0.0768209939559878,0.4881500669067206,0.9046051502227784,0.9495863914489746,0,outputs/experiments/noise_density/n0/metrics/sam_iou.csv,0.07682099395598785,0.4881500669067206,-0.41132907295073273
COCO_val2014_000000554625_ann1708274,outputs/experiments/noise_density/n0/assets/images/COCO_val2014_000000554625.png,outputs/experiments/noise_density/n0/stimuli/fragments/COCO_val2014_000000554625_ann1708274_fragmented.png,outputs/experiments/noise_density/n0/assets/masks/COCO_val2014_000000554625_ann1708274_mask.png,0.4237909906119336,0.2745966067509047,0.2732357687793427,0.2071582713691366,0.0018724614023399,0.9934514760971068,0.9683244228363036,0,outputs/experiments/noise_density/n0/metrics/sam_iou.csv,0.20715827136913667,0.0018724614023400237,0.20528580996679666
COCO_val2014_000000391895_ann151091,outputs/experiments/noise_density/n100/assets/images/COCO_val2014_000000391895.png,outputs/experiments/noise_density/n100/stimuli/fragments/COCO_val2014_000000391895_ann151091_fragmented.png,outputs/experiments/noise_density/n100/assets/masks/COCO_val2014_000000391895_ann151091_mask.png,0.0545887374815301,0.0529249375575128,0.0528732638888888,0.0018112397499039,5.455834647441216e-05,0.9721623063087464,0.9994826316833496,100,outputs/experiments/noise_density/n100/metrics/sam_iou.csv,0.0018112397499040194,5.4558346474485416e-05,0.0017566814034295339
COCO_val2014_000000391895_ann202758,outputs/experiments/noise_density/n100/assets/images/COCO_val2014_000000391895.png,outputs/experiments/noise_density/n100/stimuli/fragments/COCO_val2014_000000391895_ann202758_fragmented.png,outputs/experiments/noise_density/n100/assets/masks/COCO_val2014_000000391895_ann202758_mask.png,0.0026356114005516,0.0616496990609648,0.0612152777777777,0.0,0.0004627485651436,0.9308426380157472,1.0261046886444092,100,outputs/experiments/noise_density/n100/metrics/sam_iou.csv,-0.06239946708821657,0.00046274856514363157,-0.0628622156533602
COCO_val2014_000000522418_ann455475,outputs/experiments/noise_density/n100/assets/images/COCO_val2014_000000522418.png,outputs/experiments/noise_density/n100/stimuli/fragments/COCO_val2014_000000522418_ann455475_fragmented.png,outputs/experiments/noise_density/n100/assets/masks/COCO_val2014_000000522418_ann455475_mask.png,0.0009188130742581,0.2066479539075195,0.2056705729166666,0.0,0.0012304479193748,0.9294631481170654,1.0420150756835938,100,outputs/experiments/noise_density/n100/metrics/sam_iou.csv,-0.25776680664372253,0.0012304479193748442,-0.25899725456309736
COCO_val2014_000000522418_ann1085508,outputs/experiments/noise_density/n100/assets/images/COCO_val2014_000000522418.png,outputs/experiments/noise_density/n100/stimuli/fragments/COCO_val2014_000000522418_ann1085508_fragmented.png,outputs/experiments/noise_density/n100/assets/masks/COCO_val2014_000000522418_ann1085508_mask.png,0.9250212073472638,0.1788470970056647,0.1777311197916666,0.9088147509197488,0.0013571925690722,1.000483155250549,0.9901909828186036,100,outputs/experiments/noise_density/n100/metrics/sam_iou.csv,0.9088147509197487,0.0013571925690722558,0.9074575583506764
COCO_val2014_000000184613_ann72124,outputs/experiments/noise_density/n100/assets/images/COCO_val2014_000000184613.png,outputs/experiments/noise_density/n100/stimuli/fragments/COCO_val2014_000000184613_ann72124_fragmented.png,outputs/experiments/noise_density/n100/assets/masks/COCO_val2014_000000184613_ann72124_mask.png,0.9155139679956604,0.042945784113316,0.0424404761904761,0.9117694201732514,0.0005277039288686,0.9920020699501038,0.9760831594467164,100,outputs/experiments/noise_density/n100/metrics/sam_iou.csv,0.9117694201732514,0.000527703928868677,0.9112417162443827
COCO_val2014_000000184613_ann75495,outputs/experiments/noise_density/n100/assets/images/COCO_val2014_000000184613.png,outputs/experiments/noise_density/n100/stimuli/fragments/COCO_val2014_000000184613_ann75495_fragmented.png,outputs/experiments/noise_density/n100/assets/masks/COCO_val2014_000000184613_ann75495_mask.png,0.8639871850881026,0.0376438474765815,0.0372797619047619,0.8587203119558371,0.0003781841883162,0.9888321161270142,0.9988237619400024,100,outputs/experiments/noise_density/n100/metrics/sam_iou.csv,0.8587203119558371,0.0003781841883161712,0.858342127767521
COCO_val2014_000000184613_ann286024,outputs/experiments/noise_density/n100/assets/images/COCO_val2014_000000184613.png,outputs/experiments/noise_density/n100/stimuli/fragments/COCO_val2014_000000184613_ann286024_fragmented.png,outputs/experiments/noise_density/n100/assets/masks/COCO_val2014_000000184613_ann286024_mask.png,0.8594285714285714,0.0616800975920484,0.0610952380952381,0.8502814829842268,0.0006229167435723,0.9931596517562866,1.0012452602386477,100,outputs/experiments/noise_density/n100/metrics/sam_iou.csv,0.8502814829842268,0.0006229167435723653,0.8496585662406544
COCO_val2014_000000184613_ann1202318,outputs/experiments/noise_density/n100/assets/images/COCO_val2014_000000184613.png,outputs/experiments/noise_density/n100/stimuli/fragments/COCO_val2014_000000184613_ann1202318_fragmented.png,outputs/experiments/noise_density/n100/assets/masks/COCO_val2014_000000184613_ann1202318_mask.png,0.0406634563937934,0.0673134650944982,0.06675,0.0,0.0006037665089721,0.9133406281471252,0.9960108995437622,100,outputs/experiments/noise_density/n100/metrics/sam_iou.csv,-0.027952363896283527,0.0006037665089720869,-0.028556130405255613
COCO_val2014_000000184613_ann2177286,outputs/experiments/noise_density/n100/assets/images/COCO_val2014_000000184613.png,outputs/experiments/noise_density/n100/stimuli/fragments/COCO_val2014_000000184613_ann2177286_fragmented.png,outputs/experiments/noise_density/n100/assets/masks/COCO_val2014_000000184613_ann2177286_mask.png,0.9060501205829924,0.1107331639594947,0.1102857142857142,0.894404438677095,0.0005029138915323,0.999146580696106,1.019287347793579,100,outputs/experiments/noise_density/n100/metrics/sam_iou.csv,0.8944044386770948,0.0005029138915323608,0.8939015247855625
COCO_val2014_000000184613_ann900100184613,outputs/experiments/noise_density/n100/assets/images/COCO_val2014_000000184613.png,outputs/experiments/noise_density/n100/stimuli/fragments/COCO_val2014_000000184613_ann900100184613_fragmented.png,outputs/experiments/noise_density/n100/assets/masks/COCO_val2014_000000184613_ann900100184613_mask.png,0.0296305479791718,0.0443261239280541,0.0439166666666666,0.0,0.0004282652433234,0.9936912059783936,1.0005967617034912,100,outputs/experiments/noise_density/n100/metrics/sam_iou.csv,-0.014942336289543934,0.0004282652433234591,-0.015370601532867394
COCO_val2014_000000318219_ann491276,outputs/experiments/noise_density/n100/assets/images/COCO_val2014_000000318219.png,outputs/experiments/noise_density/n100/stimuli/fragments/COCO_val2014_000000318219_ann491276_fragmented.png,outputs/experiments/noise_density/n100/assets/masks/COCO_val2014_000000318219_ann491276_mask.png,0.4512569700406388,0.3579496312092536,0.3566153327338129,0.1470996157073011,0.0020738735989937,0.9946967363357544,0.9650466442108154,100,outputs/experiments/noise_density/n100/metrics/sam_iou.csv,0.14709961570730107,0.0020738735989937105,0.14502574210830735
COCO_val2014_000000318219_ann509155,outputs/experiments/noise_density/n100/assets/images/COCO_val2014_000000318219.png,outputs/experiments/noise_density/n100/stimuli/fragments/COCO_val2014_000000318219_ann509155_fragmented.png,outputs/experiments/noise_density/n100/assets/masks/COCO_val2014_000000318219_ann509155_mask.png,0.5506860882415031,0.0006513102190573,0.1294430080935251,0.4838776600087691,0.0,0.9939767718315125,0.8633971214294434,100,outputs/experiments/noise_density/n100/metrics/sam_iou.csv,0.48387766000876914,-0.14794171900500236,0.6318193790137715
COCO_val2014_000000318219_ann1115907,outputs/experiments/noise_density/n100/assets/images/COCO_val2014_000000318219.png,outputs/experiments/noise_density/n100/stimuli/fragments/COCO_val2014_000000318219_ann1115907_fragmented.png,outputs/experiments/noise_density/n100/assets/masks/COCO_val2014_000000318219_ann1115907_mask.png,0.06047355828727,0.0343527582910424,0.034054631294964,0.027350332480732,0.000308637533485,0.9684164524078368,1.012120008468628,100,outputs/experiments/noise_density/n100/metrics/sam_iou.csv,0.02735033248073201,0.0003086375334850226,0.027041694947246987
COCO_val2014_000000318219_ann1116927,outputs/experiments/noise_density/n100/assets/images/COCO_val2014_000000318219.png,outputs/experiments/noise_density/n100/stimuli/fragments/COCO_val2014_000000318219_ann1116927_fragmented.png,outputs/experiments/noise_density/n100/assets/masks/COCO_val2014_000000318219_ann1116927_mask.png,0.0002700270027002,0.0287916951174249,0.0285690197841726,0.0,0.0002292240393679,0.7597642540931702,1.000147819519043,100,outputs/experiments/noise_density/n100/metrics/sam_iou.csv,-0.02913124386375353,0.000229224039368012,-0.029360467903121544
COCO_val2014_000000318219_ann1969884,outputs/experiments/noise_density/n100/assets/images/COCO_val2014_000000318219.png,outputs/experiments/noise_density/n100/stimuli/fragments/COCO_val2014_000000318219_ann1969884_fragmented.png,outputs/experiments/noise_density/n100/assets/masks/COCO_val2014_000000318219_ann1969884_mask.png,0.8120162464556671,0.0338707354473597,0.0337314523381295,0.8054539247922259,0.0001441453409274,0.9884819984436036,1.006755232810974,100,outputs/experiments/noise_density/n100/metrics/sam_iou.csv,0.8054539247922259,0.00014414534092745617,0.8053097794512984
COCO_val2014_000000318219_ann1969971,outputs/experiments/noise_density/n100/assets/images/COCO_val2014_000000318219.png,outputs/experiments/noise_density/n100/stimuli/fragments/COCO_val2014_000000318219_ann1969971_fragmented.png,outputs/experiments/noise_density/n100/assets/masks/COCO_val2014_000000318219_ann1969971_mask.png,0.7373737373737373,0.0183403982454049,0.0182329136690647,0.7324963667220188,0.0001094807290208,0.963463306427002,0.9837510585784912,100,outputs/experiments/noise_density/n100/metrics/sam_iou.csv,0.7324963667220188,0.00010948072902086289,0.732386885992998
COCO_val2014_000000554625_ann30093,outputs/experiments/noise_density/n100/assets/images/COCO_val2014_000000554625.png,outputs/experiments/noise_density/n100/stimuli/fragments/COCO_val2014_000000554625_ann30093_fragmented.png,outputs/experiments/noise_density/n100/assets/masks/COCO_val2014_000000554625_ann30093_mask.png,0.4553933113518605,0.0288302460929421,0.0286384976525821,0.4393367584241001,0.0001974017293218,0.982239842414856,0.9950578212738036,100,outputs/experiments/noise_density/n100/metrics/sam_iou.csv,0.4393367584241,0.00019740172932179845,0.4391393566947782
COCO_val2014_000000554625_ann200698,outputs/experiments/noise_density/n100/assets/images/COCO_val2014_000000554625.png,outputs/experiments/noise_density/n100/stimuli/fragments/COCO_val2014_000000554625_ann200698_fragmented.png,outputs/experiments/noise_density/n100/assets/masks/COCO_val2014_000000554625_ann200698_mask.png,0.4146160733582389,0.108939796525486,0.1081279342723004,0.3436458555699549,0.0009102900341689,0.9941143989562988,1.003231406211853,100,outputs/experiments/noise_density/n100/metrics/sam_iou.csv,0.3436458555699551,0.0009102900341689436,0.34273556553578616
COCO_val2014_000000554625_ann215463,outputs/experiments/noise_density/n100/assets/images/COCO_val2014_000000554625.png,outputs/experiments/noise_density/n100/stimuli/fragments/COCO_val2014_000000554625_ann215463_fragmented.png,outputs/experiments/noise_density/n100/assets/masks/COCO_val2014_000000554625_ann215463_mask.png,0.4675211185551995,0.0229941364209901,0.0230303697183098,0.4549688496547527,0.0,0.8824983239173889,0.9808965921401978,100,outputs/experiments/noise_density/n100/metrics/sam_iou.csv,0.4549688496547528,-3.708743465163092e-05,0.45500593708940446
COCO_val2014_000000554625_ann1115813,outputs/experiments/noise_density/n100/assets/images/COCO_val2014_000000554625.png,outputs/experiments/noise_density/n100/stimuli/fragments/COCO_val2014_000000554625_ann1115813_fragmented.png,outputs/experiments/noise_density/n100/assets/masks/COCO_val2014_000000554625_ann1115813_mask.png,0.1027549288418853,0.0283919858818644,0.0280919894366197,0.0768209939559878,0.0003086675302437,0.9046051502227784,1.0029137134552002,100,outputs/experiments/noise_density/n100/metrics/sam_iou.csv,0.07682099395598785,0.0003086675302437335,0.07651232642574411
COCO_val2014_000000554625_ann1708274,outputs/experiments/noise_density/n100/assets/images/COCO_val2014_000000554625.png,outputs/experiments/noise_density/n100/stimuli/fragments/COCO_val2014_000000554625_ann1708274_fragmented.png,outputs/experiments/noise_density/n100/assets/masks/COCO_val2014_000000554625_ann1708274_mask.png,0.4237909906119336,0.2750635152251365,0.2732357687793427,0.2071582713691366,0.0025149097427702,0.9934514760971068,0.9895349740982056,100,outputs/experiments/noise_density/n100/metrics/sam_iou.csv,0.20715827136913667,0.0025149097427703162,0.20464336162636634
COCO_val2014_000000391895_ann151091,outputs/experiments/noise_density/n200/assets/images/COCO_val2014_000000391895.png,outputs/experiments/noise_density/n200/stimuli/fragments/COCO_val2014_000000391895_ann151091_fragmented.png,outputs/experiments/noise_density/n200/assets/masks/COCO_val2014_000000391895_ann151091_mask.png,0.0545887374815301,0.0533775514232697,0.0528732638888888,0.0018112397499039,0.0005324393401156,0.9721623063087464,0.9911633729934692,200,outputs/experiments/noise_density/n200/metrics/sam_iou.csv,0.0018112397499040194,0.0005324393401156609,0.0012788004097883585
COCO_val2014_000000391895_ann202758,outputs/experiments/noise_density/n200/assets/images/COCO_val2014_000000391895.png,outputs/experiments/noise_density/n200/stimuli/fragments/COCO_val2014_000000391895_ann202758_fragmented.png,outputs/experiments/noise_density/n200/assets/masks/COCO_val2014_000000391895_ann202758_mask.png,0.0026356114005516,0.0616444672806081,0.0612152777777777,0.0,0.0004571756364062,0.9308426380157472,1.036441683769226,200,outputs/experiments/noise_density/n200/metrics/sam_iou.csv,-0.06239946708821657,0.000457175636406239,-0.06285664272462281
COCO_val2014_000000522418_ann455475,outputs/experiments/noise_density/n200/assets/images/COCO_val2014_000000522418.png,outputs/experiments/noise_density/n200/stimuli/fragments/COCO_val2014_000000522418_ann455475_fragmented.png,outputs/experiments/noise_density/n200/assets/masks/COCO_val2014_000000522418_ann455475_mask.png,0.0009188130742581,0.2059150668840905,0.2056705729166666,0.0,0.0003077992065856,0.9294631481170654,1.0050209760665894,200,outputs/experiments/noise_density/n200/metrics/sam_iou.csv,-0.25776680664372253,0.00030779920658567433,-0.2580746058503082
COCO_val2014_000000522418_ann1085508,outputs/experiments/noise_density/n200/assets/images/COCO_val2014_000000522418.png,outputs/experiments/noise_density/n200/stimuli/fragments/COCO_val2014_000000522418_ann1085508_fragmented.png,outputs/experiments/noise_density/n200/assets/masks/COCO_val2014_000000522418_ann1085508_mask.png,0.9250212073472638,0.1786226567523453,0.1777311197916666,0.9088147509197488,0.0010842401824239,1.000483155250549,0.980305790901184,200,outputs/experiments/noise_density/n200/metrics/sam_iou.csv,0.9088147509197487,0.0010842401824240485,0.9077305107373247
COCO_val2014_000000184613_ann72124,outputs/experiments/noise_density/n200/assets/images/COCO_val2014_000000184613.png,outputs/experiments/noise_density/n200/stimuli/fragments/COCO_val2014_000000184613_ann72124_fragmented.png,outputs/experiments/noise_density/n200/assets/masks/COCO_val2014_000000184613_ann72124_mask.png,0.9155139679956604,0.043164116913163,0.0424404761904761,0.9117694201732514,0.0007557135663044,0.9920020699501038,1.0158706903457642,200,outputs/experiments/noise_density/n200/metrics/sam_iou.csv,0.9117694201732514,0.0007557135663044654,0.9110137066069469
COCO_val2014_000000184613_ann75495,outputs/experiments/noise_density/n200/assets/images/COCO_val2014_000000184613.png,outputs/experiments/noise_density/n200/stimuli/fragments/COCO_val2014_000000184613_ann75495_fragmented.png,outputs/experiments/noise_density/n200/assets/masks/COCO_val2014_000000184613_ann75495_mask.png,0.8639871850881026,0.0376819267539874,0.0372797619047619,0.8587203119558371,0.0004177380232717,0.9888321161270142,0.9979220628738404,200,outputs/experiments/noise_density/n200/metrics/sam_iou.csv,0.8587203119558371,0.0004177380232716312,0.8583025739325655
COCO_val2014_000000184613_ann286024,outputs/experiments/noise_density/n200/assets/images/COCO_val2014_000000184613.png,outputs/experiments/noise_density/n200/stimuli/fragments/COCO_val2014_000000184613_ann286024_fragmented.png,outputs/experiments/noise_density/n200/assets/masks/COCO_val2014_000000184613_ann286024_mask.png,0.8594285714285714,0.0617963321974303,0.0610952380952381,0.8502814829842268,0.0007467148220336,0.9931596517562866,1.021873116493225,200,outputs/experiments/noise_density/n200/metrics/sam_iou.csv,0.8502814829842268,0.0007467148220335836,0.8495347681621932
COCO_val2014_000000184613_ann1202318,outputs/experiments/noise_density/n200/assets/images/COCO_val2014_000000184613.png,outputs/experiments/noise_density/n200/stimuli/fragments/COCO_val2014_000000184613_ann1202318_fragmented.png,outputs/experiments/noise_density/n200/assets/masks/COCO_val2014_000000184613_ann1202318_mask.png,0.0406634563937934,0.0673125465778782,0.06675,0.0,0.0006027822961459,0.9133406281471252,0.997978448867798,200,outputs/experiments/noise_density/n200/metrics/sam_iou.csv,-0.027952363896283527,0.0006027822961459424,-0.028555146192429468
COCO_val2014_000000184613_ann2177286,outputs/experiments/noise_density/n200/assets/images/COCO_val2014_000000184613.png,outputs/experiments/noise_density/n200/stimuli/fragments/COCO_val2014_000000184613_ann2177286_fragmented.png,outputs/experiments/noise_density/n200/assets/masks/COCO_val2014_000000184613_ann2177286_mask.png,0.9060501205829924,0.111090457745212,0.1102857142857142,0.894404438677095,0.0009044965023257,0.999146580696106,0.9980195760726928,200,outputs/experiments/noise_density/n200/metrics/sam_iou.csv,0.8944044386770948,0.0009044965023257353,0.8934999421747691
COCO_val2014_000000184613_ann900100184613,outputs/experiments/noise_density/n200/assets/images/COCO_val2014_000000184613.png,outputs/experiments/noise_density/n200/stimuli/fragments/COCO_val2014_000000184613_ann900100184613_fragmented.png,outputs/experiments/noise_density/n200/assets/masks/COCO_val2014_000000184613_ann900100184613_mask.png,0.0296305479791718,0.0443677386765448,0.0439166666666666,0.0,0.0004717915208348,0.9936912059783936,0.9895094633102416,200,outputs/experiments/noise_density/n200/metrics/sam_iou.csv,-0.014942336289543934,0.0004717915208348709,-0.015414127810378805
COCO_val2014_000000318219_ann491276,outputs/experiments/noise_density/n200/assets/images/COCO_val2014_000000318219.png,outputs/experiments/noise_density/n200/stimuli/fragments/COCO_val2014_000000318219_ann491276_fragmented.png,outputs/experiments/noise_density/n200/assets/masks/COCO_val2014_000000318219_ann491276_mask.png,0.4512569700406388,0.3585048542037149,0.3566153327338129,0.1470996157073011,0.0029368456633117,0.9946967363357544,0.98351788520813,200,outputs/experiments/noise_density/n200/metrics/sam_iou.csv,0.14709961570730107,0.0029368456633118065,0.14416277004398925
COCO_val2014_000000318219_ann509155,outputs/experiments/noise_density/n200/assets/images/COCO_val2014_000000318219.png,outputs/experiments/noise_density/n200/stimuli/fragments/COCO_val2014_000000318219_ann509155_fragmented.png,outputs/experiments/noise_density/n200/assets/masks/COCO_val2014_000000318219_ann509155_mask.png,0.5506860882415031,0.000716441240963,0.1294430080935251,0.4838776600087691,0.0,0.9939767718315125,0.897049069404602,200,outputs/experiments/noise_density/n200/metrics/sam_iou.csv,0.48387766000876914,-0.14786690365975644,0.6317445636685256
COCO_val2014_000000318219_ann1115907,outputs/experiments/noise_density/n200/assets/images/COCO_val2014_000000318219.png,outputs/experiments/noise_density/n200/stimuli/fragments/COCO_val2014_000000318219_ann1115907_fragmented.png,outputs/experiments/noise_density/n200/assets/masks/COCO_val2014_000000318219_ann1115907_mask.png,0.06047355828727,0.0343539806948493,0.034054631294964,0.027350332480732,0.0003099030334257,0.9684164524078368,0.9954850673675536,200,outputs/experiments/noise_density/n200/metrics/sam_iou.csv,0.02735033248073201,0.00030990303342580964,0.0270404294473062
COCO_val2014_000000318219_ann1116927,outputs/experiments/noise_density/n200/assets/images/COCO_val2014_000000318219.png,outputs/experiments/noise_density/n200/stimuli/fragments/COCO_val2014_000000318219_ann1116927_fragmented.png,outputs/experiments/noise_density/n200/assets/masks/COCO_val2014_000000318219_ann1116927_mask.png,0.0002700270027002,0.0289036733765495,0.0285690197841726,0.0,0.0003444954908711,0.7597642540931702,1.026187539100647,200,outputs/experiments/noise_density/n200/metrics/sam_iou.csv,-0.02913124386375353,0.0003444954908711581,-0.029475739354624688
COCO_val2014_000000318219_ann1969884,outputs/experiments/noise_density/n200/assets/images/COCO_val2014_000000318219.png,outputs/experiments/noise_density/n200/stimuli/fragments/COCO_val2014_000000318219_ann1969884_fragmented.png,outputs/experiments/noise_density/n200/assets/masks/COCO_val2014_000000318219_ann1969884_mask.png,0.8120162464556671,0.0339110200199293,0.0337314523381295,0.8054539247922259,0.0001858362069575,0.9884819984436036,1.00826096534729,200,outputs/experiments/noise_density/n200/metrics/sam_iou.csv,0.8054539247922259,0.00018583620695748792,0.8052680885852684
COCO_val2014_000000318219_ann1969971,outputs/experiments/noise_density/n200/assets/images/COCO_val2014_000000318219.png,outputs/experiments/noise_density/n200/stimuli/fragments/COCO_val2014_000000318219_ann1969971_fragmented.png,outputs/experiments/noise_density/n200/assets/masks/COCO_val2014_000000318219_ann1969971_mask.png,0.7373737373737373,0.0183407873229204,0.0182329136690647,0.7324963667220188,0.0001098770322998,0.963463306427002,1.018000245094299,200,outputs/experiments/noise_density/n200/metrics/sam_iou.csv,0.7324963667220188,0.00010987703229983607,0.732386489689719
COCO_val2014_000000554625_ann30093,outputs/experiments/noise_density/n200/assets/images/COCO_val2014_000000554625.png,outputs/experiments/noise_density/n200/stimuli/fragments/COCO_val2014_000000554625_ann30093_fragmented.png,outputs/experiments/noise_density/n200/assets/masks/COCO_val2014_000000554625_ann30093_mask.png,0.4553933113518605,0.0288827632138826,0.0286384976525821,0.4393367584241001,0.0002514672042388,0.982239842414856,1.016217827796936,200,outputs/experiments/noise_density/n200/metrics/sam_iou.csv,0.4393367584241,0.0002514672042387972,0.43908529121986123
COCO_val2014_000000554625_ann200698,outputs/experiments/noise_density/n200/assets/images/COCO_val2014_000000554625.png,outputs/experiments/noise_density/n200/stimuli/fragments/COCO_val2014_000000554625_ann200698_fragmented.png,outputs/experiments/noise_density/n200/assets/masks/COCO_val2014_000000554625_ann200698_mask.png,0.4146160733582389,0.1089086225947236,0.1081279342723004,0.3436458555699549,0.0008753366681421,0.9941143989562988,1.0104645490646362,200,outputs/experiments/noise_density/n200/metrics/sam_iou.csv,0.3436458555699551,0.0008753366681422169,0.34277051890181287
COCO_val2014_000000554625_ann215463,outputs/experiments/noise_density/n200/assets/images/COCO_val2014_000000554625.png,outputs/experiments/noise_density/n200/stimuli/fragments/COCO_val2014_000000554625_ann215463_fragmented.png,outputs/experiments/noise_density/n200/assets/masks/COCO_val2014_000000554625_ann215463_mask.png,0.4675211185551995,0.0229254476929595,0.0230303697183098,0.4549688496547527,0.0,0.8824983239173889,0.9737758636474608,200,outputs/experiments/noise_density/n200/metrics/sam_iou.csv,0.4549688496547528,-0.00010739538067324199,0.45507624503542604
COCO_val2014_000000554625_ann1115813,outputs/experiments/noise_density/n200/assets/images/COCO_val2014_000000554625.png,outputs/experiments/noise_density/n200/stimuli/fragments/COCO_val2014_000000554625_ann1115813_fragmented.png,outputs/experiments/noise_density/n200/assets/masks/COCO_val2014_000000554625_ann1115813_mask.png,0.1027549288418853,0.0282580893170006,0.0280919894366197,0.0768209939559878,0.0001709008245386,0.9046051502227784,1.0032801628112793,200,outputs/experiments/noise_density/n200/metrics/sam_iou.csv,0.07682099395598785,0.00017090082453854598,0.0766500931314493
COCO_val2014_000000554625_ann1708274,outputs/experiments/noise_density/n200/assets/images/COCO_val2014_000000554625.png,outputs/experiments/noise_density/n200/stimuli/fragments/COCO_val2014_000000554625_ann1708274_fragmented.png,outputs/experiments/noise_density/n200/assets/masks/COCO_val2014_000000554625_ann1708274_mask.png,0.4237909906119336,0.2754303136146344,0.2732357687793427,0.2071582713691366,0.003019610405985,0.9934514760971068,0.9906498193740844,200,outputs/experiments/noise_density/n200/metrics/sam_iou.csv,0.20715827136913667,0.0030196104059851438,0.20413866096315153
COCO_val2014_000000391895_ann151091,outputs/experiments/noise_density/n400/assets/images/COCO_val2014_000000391895.png,outputs/experiments/noise_density/n400/stimuli/fragments/COCO_val2014_000000391895_ann151091_fragmented.png,outputs/experiments/noise_density/n400/assets/masks/COCO_val2014_000000391895_ann151091_mask.png,0.0545887374815301,0.0533130971075649,0.0528732638888888,0.0018112397499039,0.0004643868680995,0.9721623063087464,0.9555522203445436,400,outputs/experiments/noise_density/n400/metrics/sam_iou.csv,0.0018112397499040194,0.0004643868680996669,0.0013468528818043526
COCO_val2014_000000391895_ann202758,outputs/experiments/noise_density/n400/assets/images/COCO_val2014_000000391895.png,outputs/experiments/noise_density/n400/stimuli/fragments/COCO_val2014_000000391895_ann202758_fragmented.png,outputs/experiments/noise_density/n400/assets/masks/COCO_val2014_000000391895_ann202758_mask.png,0.0026356114005516,0.0619860092888423,0.0612152777777777,0.0,0.0008209885534141,0.9308426380157472,0.9993288516998292,400,outputs/experiments/noise_density/n400/metrics/sam_iou.csv,-0.06239946708821657,0.0008209885534142247,-0.0632204556416308
COCO_val2014_000000522418_ann455475,outputs/experiments/noise_density/n400/assets/images/COCO_val2014_000000522418.png,outputs/experiments/noise_density/n400/stimuli/fragments/COCO_val2014_000000522418_ann455475_fragmented.png,outputs/experiments/noise_density/n400/assets/masks/COCO_val2014_000000522418_ann455475_mask.png,0.0009188130742581,0.2067172186147541,0.2056705729166666,0.0,0.0013176468885593,0.9294631481170654,0.9735649824142456,400,outputs/experiments/noise_density/n400/metrics/sam_iou.csv,-0.25776680664372253,0.001317646888559355,-0.2590844535322819
COCO_val2014_000000522418_ann1085508,outputs/experiments/noise_density/n400/assets/images/COCO_val2014_000000522418.png,outputs/experiments/noise_density/n400/stimuli/fragments/COCO_val2014_000000522418_ann1085508_fragmented.png,outputs/experiments/noise_density/n400/assets/masks/COCO_val2014_000000522418_ann1085508_mask.png,0.9250212073472638,0.1793112291869426,0.1777311197916666,0.9088147509197488,0.0019216456238446,1.000483155250549,0.998775601387024,400,outputs/experiments/noise_density/n400/metrics/sam_iou.csv,0.9088147509197487,0.0019216456238446717,0.9068931052959041
COCO_val2014_000000184613_ann72124,outputs/experiments/noise_density/n400/assets/images/COCO_val2014_000000184613.png,outputs/experiments/noise_density/n400/stimuli/fragments/COCO_val2014_000000184613_ann72124_fragmented.png,outputs/experiments/noise_density/n400/assets/masks/COCO_val2014_000000184613_ann72124_mask.png,0.9155139679956604,0.0431126276559701,0.0424404761904761,0.9117694201732514,0.0007019422279044,0.9920020699501038,0.9929165840148926,400,outputs/experiments/noise_density/n400/metrics/sam_iou.csv,0.9117694201732514,0.0007019422279044697,0.9110674779453469
COCO_val2014_000000184613_ann75495,outputs/experiments/noise_density/n400/assets/images/COCO_val2014_000000184613.png,outputs/experiments/noise_density/n400/stimuli/fragments/COCO_val2014_000000184613_ann75495_fragmented.png,outputs/experiments/noise_density/n400/assets/masks/COCO_val2014_000000184613_ann75495_mask.png,0.8639871850881026,0.0400184228033365,0.0372797619047619,0.8587203119558371,0.0028447110491757,0.9888321161270142,0.9513553380966188,400,outputs/experiments/noise_density/n400/metrics/sam_iou.csv,0.8587203119558371,0.0028447110491757167,0.8558756009066614
COCO_val2014_000000184613_ann286024,outputs/experiments/noise_density/n400/assets/images/COCO_val2014_000000184613.png,outputs/experiments/noise_density/n400/stimuli/fragments/COCO_val2014_000000184613_ann286024_fragmented.png,outputs/experiments/noise_density/n400/assets/masks/COCO_val2014_000000184613_ann286024_mask.png,0.8594285714285714,0.061794471971535,0.0610952380952381,0.8502814829842268,0.000744733549842,0.9931596517562866,0.9953547716140748,400,outputs/experiments/noise_density/n400/metrics/sam_iou.csv,0.8502814829842268,0.0007447335498420132,0.8495367494343847
COCO_val2014_000000184613_ann1202318,outputs/experiments/noise_density/n400/assets/images/COCO_val2014_000000184613.png,outputs/experiments/noise_density/n400/stimuli/fragments/COCO_val2014_000000184613_ann1202318_fragmented.png,outputs/experiments/noise_density/n400/assets/masks/COCO_val2014_000000184613_ann1202318_mask.png,0.0406634563937934,0.0675189531121734,0.06675,0.0,0.0008239519016056,0.9133406281471252,0.971254825592041,400,outputs/experiments/noise_density/n400/metrics/sam_iou.csv,-0.027952363896283527,0.0008239519016055701,-0.0287763157978891
COCO_val2014_000000184613_ann2177286,outputs/experiments/noise_density/n400/assets/images/COCO_val2014_000000184613.png,outputs/experiments/noise_density/n400/stimuli/fragments/COCO_val2014_000000184613_ann2177286_fragmented.png,outputs/experiments/noise_density/n400/assets/masks/COCO_val2014_000000184613_ann2177286_mask.png,0.9060501205829924,0.1112378642234003,0.1102857142857142,0.894404438677095,0.0010701749460183,0.999146580696106,0.990536332130432,400,outputs/experiments/noise_density/n400/metrics/sam_iou.csv,0.8944044386770948,0.0010701749460184265,0.8933342637310764
COCO_val2014_000000184613_ann900100184613,outputs/experiments/noise_density/n400/assets/images/COCO_val2014_000000184613.png,outputs/experiments/noise_density/n400/stimuli/fragments/COCO_val2014_000000184613_ann900100184613_fragmented.png,outputs/experiments/noise_density/n400/assets/masks/COCO_val2014_000000184613_ann900100184613_mask.png,0.0296305479791718,0.0444728419098367,0.0439166666666666,0.0,0.0005817225588808,0.9936912059783936,0.9892005920410156,400,outputs/experiments/noise_density/n400/metrics/sam_iou.csv,-0.014942336289543934,0.0005817225588809564,-0.015524058848424891
COCO_val2014_000000318219_ann491276,outputs/experiments/noise_density/n400/assets/images/COCO_val2014_000000318219.png,outputs/experiments/noise_density/n400/stimuli/fragments/COCO_val2014_000000318219_ann491276_fragmented.png,outputs/experiments/noise_density/n400/assets/masks/COCO_val2014_000000318219_ann491276_mask.png,0.4512569700406388,0.3596344592497245,0.3566153327338129,0.1470996157073011,0.0046925683335602,0.9946967363357544,0.9914299249649048,400,outputs/experiments/noise_density/n400/metrics/sam_iou.csv,0.14709961570730107,0.004692568333560353,0.1424070473737407
COCO_val2014_000000318219_ann509155,outputs/experiments/noise_density/n400/assets/images/COCO_val2014_000000318219.png,outputs/experiments/noise_density/n400/stimuli/fragments/COCO_val2014_000000318219_ann509155_fragmented.png,outputs/experiments/noise_density/n400/assets/masks/COCO_val2014_000000318219_ann509155_mask.png,0.5506860882415031,0.1304547293793135,0.1294430080935251,0.4838776600087691,0.0011621539947346,0.9939767718315125,1.00136137008667,400,outputs/experiments/noise_density/n400/metrics/sam_iou.csv,0.48387766000876914,0.0011621539947347602,0.4827155060140344
COCO_val2014_000000318219_ann1115907,outputs/experiments/noise_density/n400/assets/images/COCO_val2014_000000318219.png,outputs/experiments/noise_density/n400/stimuli/fragments/COCO_val2014_000000318219_ann1115907_fragmented.png,outputs/experiments/noise_density/n400/assets/masks/COCO_val2014_000000318219_ann1115907_mask.png,0.06047355828727,0.0345467555755749,0.034054631294964,0.027350332480732,0.0005094742379381,0.9684164524078368,0.8770713806152344,400,outputs/experiments/noise_density/n400/metrics/sam_iou.csv,0.02735033248073201,0.0005094742379381661,0.026840858242793846
COCO_val2014_000000318219_ann1116927,outputs/experiments/noise_density/n400/assets/images/COCO_val2014_000000318219.png,outputs/experiments/noise_density/n400/stimuli/fragments/COCO_val2014_000000318219_ann1116927_fragmented.png,outputs/experiments/noise_density/n400/assets/masks/COCO_val2014_000000318219_ann1116927_mask.png,0.0002700270027002,0.0288668224630788,0.0285690197841726,0.0,0.0003065608210682,0.7597642540931702,0.9766513109207152,400,outputs/experiments/noise_density/n400/metrics/sam_iou.csv,-0.02913124386375353,0.00030656082106835593,-0.029437804684821888
COCO_val2014_000000318219_ann1969884,outputs/experiments/noise_density/n400/assets/images/COCO_val2014_000000318219.png,outputs/experiments/noise_density/n400/stimuli/fragments/COCO_val2014_000000318219_ann1969884_fragmented.png,outputs/experiments/noise_density/n400/assets/masks/COCO_val2014_000000318219_ann1969884_mask.png,0.8120162464556671,0.0337748475657244,0.0337314523381295,0.8054539247922259,4.491011085888815e-05,0.9884819984436036,0.9960950613021852,400,outputs/experiments/noise_density/n400/metrics/sam_iou.csv,0.8054539247922259,4.4910110858837886e-05,0.805409014681367
COCO_val2014_000000318219_ann1969971,outputs/experiments/noise_density/n400/assets/images/COCO_val2014_000000318219.png,outputs/experiments/noise_density/n400/stimuli/fragments/COCO_val2014_000000318219_ann1969971_fragmented.png,outputs/experiments/noise_density/n400/assets/masks/COCO_val2014_000000318219_ann1969971_mask.png,0.7373737373737373,0.018314042466359,0.0182329136690647,0.7324963667220188,8.263548292041344e-05,0.963463306427002,0.995824098587036,400,outputs/experiments/noise_density/n400/metrics/sam_iou.csv,0.7324963667220188,8.26354829203887e-05,0.7324137312390984
COCO_val2014_000000554625_ann30093,outputs/experiments/noise_density/n400/assets/images/COCO_val2014_000000554625.png,outputs/experiments/noise_density/n400/stimuli/fragments/COCO_val2014_000000554625_ann30093_fragmented.png,outputs/experiments/noise_density/n400/assets/masks/COCO_val2014_000000554625_ann30093_mask.png,0.4553933113518605,0.0288793709268177,0.0286384976525821,0.4393367584241001,0.0002479749029104,0.982239842414856,0.9885451793670654,400,outputs/experiments/noise_density/n400/metrics/sam_iou.csv,0.4393367584241,0.0002479749029105038,0.4390887835211895
COCO_val2014_000000554625_ann200698,outputs/experiments/noise_density/n400/assets/images/COCO_val2014_000000554625.png,outputs/experiments/noise_density/n400/stimuli/fragments/COCO_val2014_000000554625_ann200698_fragmented.png,outputs/experiments/noise_density/n400/assets/masks/COCO_val2014_000000554625_ann200698_mask.png,0.4146160733582389,0.1090995236103451,0.1081279342723004,0.3436458555699549,0.0010893819588932,0.9941143989562988,1.0055915117263794,400,outputs/experiments/noise_density/n400/metrics/sam_iou.csv,0.3436458555699551,0.0010893819588933481,0.34255647361106173
COCO_val2014_000000554625_ann215463,outputs/experiments/noise_density/n400/assets/images/COCO_val2014_000000554625.png,outputs/experiments/noise_density/n400/stimuli/fragments/COCO_val2014_000000554625_ann215463_fragmented.png,outputs/experiments/noise_density/n400/assets/masks/COCO_val2014_000000554625_ann215463_mask.png,0.4675211185551995,0.023292305637784,0.0230303697183098,0.4549688496547527,0.0002681106058523,0.8824983239173889,0.9931519031524658,400,outputs/experiments/noise_density/n400/metrics/sam_iou.csv,0.4549688496547528,0.0002681106058523799,0.45470073904890046
COCO_val2014_000000554625_ann1115813,outputs/experiments/noise_density/n400/assets/images/COCO_val2014_000000554625.png,outputs/experiments/noise_density/n400/stimuli/fragments/COCO_val2014_000000554625_ann1115813_fragmented.png,outputs/experiments/noise_density/n400/assets/masks/COCO_val2014_000000554625_ann1115813_mask.png,0.1027549288418853,0.0282821345090784,0.0280919894366197,0.0768209939559878,0.0001956410178659,0.9046051502227784,1.0046790838241575,400,outputs/experiments/noise_density/n400/metrics/sam_iou.csv,0.07682099395598785,0.00019564101786596156,0.0766253529381219
COCO_val2014_000000554625_ann1708274,outputs/experiments/noise_density/n400/assets/images/COCO_val2014_000000554625.png,outputs/experiments/noise_density/n400/stimuli/fragments/COCO_val2014_000000554625_ann1708274_fragmented.png,outputs/experiments/noise_density/n400/assets/masks/COCO_val2014_000000554625_ann1708274_mask.png,0.4237909906119336,0.2751228755847693,0.2732357687793427,0.2071582713691366,0.0025965873447803,0.9934514760971068,0.9895032644271852,400,outputs/experiments/noise_density/n400/metrics/sam_iou.csv,0.20715827136913667,0.00259658734478036,0.20456168402435632
COCO_val2014_000000391895_ann151091,outputs/experiments/noise_density/n50/assets/images/COCO_val2014_000000391895.png,outputs/experiments/noise_density/n50/stimuli/fragments/COCO_val2014_000000391895_ann151091_fragmented.png,outputs/experiments/noise_density/n50/assets/masks/COCO_val2014_000000391895_ann151091_mask.png,0.0545887374815301,0.0532648987738808,0.0528732638888888,0.0018112397499039,0.0004134978668218,0.9721623063087464,0.9949376583099364,50,outputs/experiments/noise_density/n50/metrics/sam_iou.csv,0.0018112397499040194,0.0004134978668219687,0.0013977418830820507
COCO_val2014_000000391895_ann202758,outputs/experiments/noise_density/n50/assets/images/COCO_val2014_000000391895.png,outputs/experiments/noise_density/n50/stimuli/fragments/COCO_val2014_000000391895_ann202758_fragmented.png,outputs/experiments/noise_density/n50/assets/masks/COCO_val2014_000000391895_ann202758_mask.png,0.0026356114005516,0.0008497981729339,0.0612152777777777,0.0,0.0,0.9308426380157472,0.8611822128295898,50,outputs/experiments/noise_density/n50/metrics/sam_iou.csv,-0.06239946708821657,-0.0643017277293894,0.001902260641172826
COCO_val2014_000000522418_ann455475,outputs/experiments/noise_density/n50/assets/images/COCO_val2014_000000522418.png,outputs/experiments/noise_density/n50/stimuli/fragments/COCO_val2014_000000522418_ann455475_fragmented.png,outputs/experiments/noise_density/n50/assets/masks/COCO_val2014_000000522418_ann455475_mask.png,0.0009188130742581,0.2064826599834669,0.2056705729166666,0.0,0.0010223555103355,0.9294631481170654,0.9987120628356934,50,outputs/experiments/noise_density/n50/metrics/sam_iou.csv,-0.25776680664372253,0.0010223555103355223,-0.25878916215405806
COCO_val2014_000000522418_ann1085508,outputs/experiments/noise_density/n50/assets/images/COCO_val2014_000000522418.png,outputs/experiments/noise_density/n50/stimuli/fragments/COCO_val2014_000000522418_ann1085508_fragmented.png,outputs/experiments/noise_density/n50/assets/masks/COCO_val2014_000000522418_ann1085508_mask.png,0.9250212073472638,0.9177822264775002,0.1777311197916666,0.9088147509197488,0.9000110845716686,1.000483155250549,0.9749305844306946,50,outputs/experiments/noise_density/n50/metrics/sam_iou.csv,0.9088147509197487,0.9000110845716686,0.008803666348080164
COCO_val2014_000000184613_ann72124,outputs/experiments/noise_density/n50/assets/images/COCO_val2014_000000184613.png,outputs/experiments/noise_density/n50/stimuli/fragments/COCO_val2014_000000184613_ann72124_fragmented.png,outputs/experiments/noise_density/n50/assets/masks/COCO_val2014_000000184613_ann72124_mask.png,0.9155139679956604,0.9113784045347711,0.0424404761904761,0.9117694201732514,0.9074505623288466,0.9920020699501038,0.9723769426345824,50,outputs/experiments/noise_density/n50/metrics/sam_iou.csv,0.9117694201732514,0.9074505623288466,0.004318857844404778
COCO_val2014_000000184613_ann75495,outputs/experiments/noise_density/n50/assets/images/COCO_val2014_000000184613.png,outputs/experiments/noise_density/n50/stimuli/fragments/COCO_val2014_000000184613_ann75495_fragmented.png,outputs/experiments/noise_density/n50/assets/masks/COCO_val2014_000000184613_ann75495_mask.png,0.8639871850881026,0.0374934719579323,0.0372797619047619,0.8587203119558371,0.0002219856243941,0.9888321161270142,1.0048673152923584,50,outputs/experiments/noise_density/n50/metrics/sam_iou.csv,0.8587203119558371,0.0002219856243940963,0.858498326331443
COCO_val2014_000000184613_ann286024,outputs/experiments/noise_density/n50/assets/images/COCO_val2014_000000184613.png,outputs/experiments/noise_density/n50/stimuli/fragments/COCO_val2014_000000184613_ann286024_fragmented.png,outputs/experiments/noise_density/n50/assets/masks/COCO_val2014_000000184613_ann286024_mask.png,0.8594285714285714,0.0615954669586035,0.0610952380952381,0.8502814829842268,0.0005327791312407,0.9931596517562866,0.9765279293060304,50,outputs/experiments/noise_density/n50/metrics/sam_iou.csv,0.8502814829842268,0.0005327791312407246,0.8497487038529861
COCO_val2014_000000184613_ann1202318,outputs/experiments/noise_density/n50/assets/images/COCO_val2014_000000184613.png,outputs/experiments/noise_density/n50/stimuli/fragments/COCO_val2014_000000184613_ann1202318_fragmented.png,outputs/experiments/noise_density/n50/assets/masks/COCO_val2014_000000184613_ann1202318_mask.png,0.0406634563937934,0.0670869492055097,0.06675,0.0,0.0003610492424427,0.9133406281471252,0.9907296895980836,50,outputs/experiments/noise_density/n50/metrics/sam_iou.csv,-0.027952363896283527,0.00036104924244274915,-0.028313413138726276
COCO_val2014_000000184613_ann2177286,outputs/experiments/noise_density/n50/assets/images/COCO_val2014_000000184613.png,outputs/experiments/noise_density/n50/stimuli/fragments/COCO_val2014_000000184613_ann2177286_fragmented.png,outputs/experiments/noise_density/n50/assets/masks/COCO_val2014_000000184613_ann2177286_mask.png,0.9060501205829924,0.1110923711712797,0.1102857142857142,0.894404438677095,0.0009066471096592,0.999146580696106,0.9961378574371338,50,outputs/experiments/noise_density/n50/metrics/sam_iou.csv,0.8944044386770948,0.0009066471096593595,0.8934977915674355
COCO_val2014_000000184613_ann900100184613,outputs/experiments/noise_density/n50/assets/images/COCO_val2014_000000184613.png,outputs/experiments/noise_density/n50/stimuli/fragments/COCO_val2014_000000184613_ann900100184613_fragmented.png,outputs/experiments/noise_density/n50/assets/masks/COCO_val2014_000000184613_ann900100184613_mask.png,0.0296305479791718,0.0442014440216902,0.0439166666666666,0.0,0.0002978582986388,0.9936912059783936,1.0030378103256226,50,outputs/experiments/noise_density/n50/metrics/sam_iou.csv,-0.014942336289543934,0.00029785829863882235,-0.015240194588182756
COCO_val2014_000000318219_ann491276,outputs/experiments/noise_density/n50/assets/images/COCO_val2014_000000318219.png,outputs/experiments/noise_density/n50/stimuli/fragments/COCO_val2014_000000318219_ann491276_fragmented.png,outputs/experiments/noise_density/n50/assets/masks/COCO_val2014_000000318219_ann491276_mask.png,0.4512569700406388,0.860093402100761,0.3566153327338129,0.1470996157073011,0.7825459557596893,0.9946967363357544,0.9728943109512328,50,outputs/experiments/noise_density/n50/metrics/sam_iou.csv,0.14709961570730107,0.7825459557596892,-0.6354463400523882
COCO_val2014_000000318219_ann509155,outputs/experiments/noise_density/n50/assets/images/COCO_val2014_000000318219.png,outputs/experiments/noise_density/n50/stimuli/fragments/COCO_val2014_000000318219_ann509155_fragmented.png,outputs/experiments/noise_density/n50/assets/masks/COCO_val2014_000000318219_ann509155_mask.png,0.5506860882415031,0.1286949207449801,0.1294430080935251,0.4838776600087691,0.0,0.9939767718315125,1.0104047060012815,50,outputs/experiments/noise_density/n50/metrics/sam_iou.csv,0.48387766000876914,-0.0008593203609872044,0.4847369803697563
COCO_val2014_000000318219_ann1115907,outputs/experiments/noise_density/n50/assets/images/COCO_val2014_000000318219.png,outputs/experiments/noise_density/n50/stimuli/fragments/COCO_val2014_000000318219_ann1115907_fragmented.png,outputs/experiments/noise_density/n50/assets/masks/COCO_val2014_000000318219_ann1115907_mask.png,0.06047355828727,0.0342660689455962,0.034054631294964,0.027350332480732,0.000218891934764,0.9684164524078368,0.9994981288909912,50,outputs/experiments/noise_density/n50/metrics/sam_iou.csv,0.02735033248073201,0.00021889193476403316,0.02713144054596798
COCO_val2014_000000318219_ann1116927,outputs/experiments/noise_density/n50/assets/images/COCO_val2014_000000318219.png,outputs/experiments/noise_density/n50/stimuli/fragments/COCO_val2014_000000318219_ann1116927_fragmented.png,outputs/experiments/noise_density/n50/assets/masks/COCO_val2014_000000318219_ann1116927_mask.png,0.0002700270027002,0.0288455263329635,0.0285690197841726,0.0,0.0002846383885445,0.7597642540931702,1.029603362083435,50,outputs/experiments/noise_density/n50/metrics/sam_iou.csv,-0.02913124386375353,0.0002846383885445656,-0.029415882252298096
COCO_val2014_000000318219_ann1969884,outputs/experiments/noise_density/n50/assets/images/COCO_val2014_000000318219.png,outputs/experiments/noise_density/n50/stimuli/fragments/COCO_val2014_000000318219_ann1969884_fragmented.png,outputs/experiments/noise_density/n50/assets/masks/COCO_val2014_000000318219_ann1969884_mask.png,0.8120162464556671,0.0338908873240232,0.0337314523381295,0.8054539247922259,0.0001650006991115,0.9884819984436036,0.9894856214523317,50,outputs/experiments/noise_density/n50/metrics/sam_iou.csv,0.8054539247922259,0.0001650006991115389,0.8052889240931144
COCO_val2014_000000318219_ann1969971,outputs/experiments/noise_density/n50/assets/images/COCO_val2014_000000318219.png,outputs/experiments/noise_density/n50/stimuli/fragments/COCO_val2014_000000318219_ann1969971_fragmented.png,outputs/experiments/noise_density/n50/assets/masks/COCO_val2014_000000318219_ann1969971_mask.png,0.7373737373737373,0.0183427083068203,0.0182329136690647,0.7324963667220188,0.0001118336918035,0.963463306427002,0.9826562404632568,50,outputs/experiments/noise_density/n50/metrics/sam_iou.csv,0.7324963667220188,0.00011183369180354855,0.7323845330302152
COCO_val2014_000000554625_ann30093,outputs/experiments/noise_density/n50/assets/images/COCO_val2014_000000554625.png,outputs/experiments/noise_density/n50/stimuli/fragments/COCO_val2014_000000554625_ann30093_fragmented.png,outputs/experiments/noise_density/n50/assets/masks/COCO_val2014_000000554625_ann30093_mask.png,0.4553933113518605,0.8914568241922503,0.0286384976525821,0.4393367584241001,0.8882566628948734,0.982239842414856,0.9742401838302612,50,outputs/experiments/noise_density/n50/metrics/sam_iou.csv,0.4393367584241,0.8882566628948734,-0.44891990447077335
COCO_val2014_000000554625_ann200698,outputs/experiments/noise_density/n50/assets/images/COCO_val2014_000000554625.png,outputs/experiments/noise_density/n50/stimuli/fragments/COCO_val2014_000000554625_ann200698_fragmented.png,outputs/experiments/noise_density/n50/assets/masks/COCO_val2014_000000554625_ann200698_mask.png,0.4146160733582389,0.1088732493333875,0.1081279342723004,0.3436458555699549,0.0008356748571096,0.9941143989562988,0.9759421348571776,50,outputs/experiments/noise_density/n50/metrics/sam_iou.csv,0.3436458555699551,0.0008356748571096727,0.3428101807128454
COCO_val2014_000000554625_ann215463,outputs/experiments/noise_density/n50/assets/images/COCO_val2014_000000554625.png,outputs/experiments/noise_density/n50/stimuli/fragments/COCO_val2014_000000554625_ann215463_fragmented.png,outputs/experiments/noise_density/n50/assets/masks/COCO_val2014_000000554625_ann215463_mask.png,0.4675211185551995,0.0226513457695117,0.0230303697183098,0.4549688496547527,0.0,0.8824983239173889,0.9933669567108154,50,outputs/experiments/noise_density/n50/metrics/sam_iou.csv,0.4549688496547528,-0.00038795878300619654,0.455356808437759
COCO_val2014_000000554625_ann1115813,outputs/experiments/noise_density/n50/assets/images/COCO_val2014_000000554625.png,outputs/experiments/noise_density/n50/stimuli/fragments/COCO_val2014_000000554625_ann1115813_fragmented.png,outputs/experiments/noise_density/n50/assets/masks/COCO_val2014_000000554625_ann1115813_mask.png,0.1027549288418853,0.0282644957487009,0.0280919894366197,0.0768209939559878,0.000177492427479,0.9046051502227784,0.9726285934448242,50,outputs/experiments/noise_density/n50/metrics/sam_iou.csv,0.07682099395598785,0.00017749242747902116,0.07664350152850882
COCO_val2014_000000554625_ann1708274,outputs/experiments/noise_density/n50/assets/images/COCO_val2014_000000554625.png,outputs/experiments/noise_density/n50/stimuli/fragments/COCO_val2014_000000554625_ann1708274_fragmented.png,outputs/experiments/noise_density/n50/assets/masks/COCO_val2014_000000554625_ann1708274_mask.png,0.4237909906119336,0.2752183434430269,0.2732357687793427,0.2071582713691366,0.0027279474945461,0.9934514760971068,0.970273733139038,50,outputs/experiments/noise_density/n50/metrics/sam_iou.csv,0.20715827136913667,0.002727947494546264,0.2044303238745904
COCO_val2014_000000391895_ann151091,outputs/experiments/noise_density/n800/assets/images/COCO_val2014_000000391895.png,outputs/experiments/noise_density/n800/stimuli/fragments/COCO_val2014_000000391895_ann151091_fragmented.png,outputs/experiments/noise_density/n800/assets/masks/COCO_val2014_000000391895_ann151091_mask.png,0.0545887374815301,0.0539808532889973,0.0528732638888888,0.0018112397499039,0.0011694204776186,0.9721623063087464,0.9436370134353638,800,outputs/experiments/noise_density/n800/metrics/sam_iou.csv,0.0018112397499040194,0.0011694204776187052,0.0006418192722853142
COCO_val2014_000000391895_ann202758,outputs/experiments/noise_density/n800/assets/images/COCO_val2014_000000391895.png,outputs/experiments/noise_density/n800/stimuli/fragments/COCO_val2014_000000391895_ann202758_fragmented.png,outputs/experiments/noise_density/n800/assets/masks/COCO_val2014_000000391895_ann202758_mask.png,0.0026356114005516,0.0630246972183418,0.0612152777777777,0.0,0.0019274061429983,0.9308426380157472,0.952307939529419,800,outputs/experiments/noise_density/n800/metrics/sam_iou.csv,-0.06239946708821657,0.0019274061429983295,-0.0643268732312149
COCO_val2014_000000522418_ann455475,outputs/experiments/noise_density/n800/assets/images/COCO_val2014_000000522418.png,outputs/experiments/noise_density/n800/stimuli/fragments/COCO_val2014_000000522418_ann455475_fragmented.png,outputs/experiments/noise_density/n800/assets/masks/COCO_val2014_000000522418_ann455475_mask.png,0.0009188130742581,0.2063411153022734,0.2056705729166666,0.0,0.0008441615817619,0.9294631481170654,0.9832855463027954,800,outputs/experiments/noise_density/n800/metrics/sam_iou.csv,-0.25776680664372253,0.0008441615817620286,-0.25861096822548457
COCO_val2014_000000522418_ann1085508,outputs/experiments/noise_density/n800/assets/images/COCO_val2014_000000522418.png,outputs/experiments/noise_density/n800/stimuli/fragments/COCO_val2014_000000522418_ann1085508_fragmented.png,outputs/experiments/noise_density/n800/assets/masks/COCO_val2014_000000522418_ann1085508_mask.png,0.9250212073472638,0.1796984699359891,0.1777311197916666,0.9088147509197488,0.00239258737826,1.000483155250549,0.99046790599823,800,outputs/experiments/noise_density/n800/metrics/sam_iou.csv,0.9088147509197487,0.002392587378260076,0.9064221635414886
COCO_val2014_000000184613_ann72124,outputs/experiments/noise_density/n800/assets/images/COCO_val2014_000000184613.png,outputs/experiments/noise_density/n800/stimuli/fragments/COCO_val2014_000000184613_ann72124_fragmented.png,outputs/experiments/noise_density/n800/assets/masks/COCO_val2014_000000184613_ann72124_mask.png,0.9155139679956604,0.0434141945540454,0.0424404761904761,0.9117694201732514,0.0010168750238058,0.9920020699501038,0.9406790733337402,800,outputs/experiments/noise_density/n800/metrics/sam_iou.csv,0.9117694201732514,0.001016875023805826,0.9107525451494455
COCO_val2014_000000184613_ann75495,outputs/experiments/noise_density/n800/assets/images/COCO_val2014_000000184613.png,outputs/experiments/noise_density/n800/stimuli/fragments/COCO_val2014_000000184613_ann75495_fragmented.png,outputs/experiments/noise_density/n800/assets/masks/COCO_val2014_000000184613_ann75495_mask.png,0.8639871850881026,0.0381332196785192,0.0372797619047619,0.8587203119558371,0.0008865065259726,0.9888321161270142,0.9645843505859376,800,outputs/experiments/noise_density/n800/metrics/sam_iou.csv,0.8587203119558371,0.0008865065259725785,0.8578338054298645
COCO_val2014_000000184613_ann286024,outputs/experiments/noise_density/n800/assets/images/COCO_val2014_000000184613.png,outputs/experiments/noise_density/n800/stimuli/fragments/COCO_val2014_000000184613_ann286024_fragmented.png,outputs/experiments/noise_density/n800/assets/masks/COCO_val2014_000000184613_ann286024_mask.png,0.8594285714285714,0.0623095136907291,0.0610952380952381,0.8502814829842268,0.0012932894205666,0.9931596517562866,0.9499243497848512,800,outputs/experiments/noise_density/n800/metrics/sam_iou.csv,0.8502814829842268,0.0012932894205665718,0.8489881935636602
COCO_val2014_000000184613_ann1202318,outputs/experiments/noise_density/n800/assets/images/COCO_val2014_000000184613.png,outputs/experiments/noise_density/n800/stimuli/fragments/COCO_val2014_000000184613_ann1202318_fragmented.png,outputs/experiments/noise_density/n800/assets/masks/COCO_val2014_000000184613_ann1202318_mask.png,0.0406634563937934,0.0689108027197391,0.06675,0.0,0.0023153524990508,0.9133406281471252,0.9007498025894164,800,outputs/experiments/noise_density/n800/metrics/sam_iou.csv,-0.027952363896283527,0.002315352499050727,-0.030267716395334255
COCO_val2014_000000184613_ann2177286,outputs/experiments/noise_density/n800/assets/images/COCO_val2014_000000184613.png,outputs/experiments/noise_density/n800/stimuli/fragments/COCO_val2014_000000184613_ann2177286_fragmented.png,outputs/experiments/noise_density/n800/assets/masks/COCO_val2014_000000184613_ann2177286_mask.png,0.9060501205829924,0.1125316586393921,0.1102857142857142,0.894404438677095,0.0025243433647631,0.999146580696106,0.9260804653167723,800,outputs/experiments/noise_density/n800/metrics/sam_iou.csv,0.8944044386770948,0.002524343364763221,0.8918800953123316
COCO_val2014_000000184613_ann900100184613,outputs/experiments/noise_density/n800/assets/images/COCO_val2014_000000184613.png,outputs/experiments/noise_density/n800/stimuli/fragments/COCO_val2014_000000184613_ann900100184613_fragmented.png,outputs/experiments/noise_density/n800/assets/masks/COCO_val2014_000000184613_ann900100184613_mask.png,0.0296305479791718,0.0453206491742686,0.0439166666666666,0.0,0.0014684729444107,0.9936912059783936,0.9401702880859376,800,outputs/experiments/noise_density/n800/metrics/sam_iou.csv,-0.014942336289543934,0.0014684729444107035,-0.01641080923395464
COCO_val2014_000000318219_ann491276,outputs/experiments/noise_density/n800/assets/images/COCO_val2014_000000318219.png,outputs/experiments/noise_density/n800/stimuli/fragments/COCO_val2014_000000318219_ann491276_fragmented.png,outputs/experiments/noise_density/n800/assets/masks/COCO_val2014_000000318219_ann491276_mask.png,0.4512569700406388,0.3594214852527091,0.3566153327338129,0.1470996157073011,0.0043615470832088,0.9946967363357544,0.970411777496338,800,outputs/experiments/noise_density/n800/metrics/sam_iou.csv,0.14709961570730107,0.004361547083208966,0.1427380686240921
COCO_val2014_000000318219_ann509155,outputs/experiments/noise_density/n800/assets/images/COCO_val2014_000000318219.png,outputs/experiments/noise_density/n800/stimuli/fragments/COCO_val2014_000000318219_ann509155_fragmented.png,outputs/experiments/noise_density/n800/assets/masks/COCO_val2014_000000318219_ann509155_mask.png,0.5506860882415031,0.1276401549615743,0.1294430080935251,0.4838776600087691,0.0,0.9939767718315125,0.9822158813476562,800,outputs/experiments/noise_density/n800/metrics/sam_iou.csv,0.48387766000876914,-0.0020709191342001046,0.48594857914296924
COCO_val2014_000000318219_ann1115907,outputs/experiments/noise_density/n800/assets/images/COCO_val2014_000000318219.png,outputs/experiments/noise_density/n800/stimuli/fragments/COCO_val2014_000000318219_ann1115907_fragmented.png,outputs/experiments/noise_density/n800/assets/masks/COCO_val2014_000000318219_ann1115907_mask.png,0.06047355828727,0.0343465148972835,0.034054631294964,0.027350332480732,0.0003021740274098,0.9684164524078368,0.9801541566848756,800,outputs/experiments/noise_density/n800/metrics/sam_iou.csv,0.02735033248073201,0.00030217402740985655,0.027048158453322153
COCO_val2014_000000318219_ann1116927,outputs/experiments/noise_density/n800/assets/images/COCO_val2014_000000318219.png,outputs/experiments/noise_density/n800/stimuli/fragments/COCO_val2014_000000318219_ann1116927_fragmented.png,outputs/experiments/noise_density/n800/assets/masks/COCO_val2014_000000318219_ann1116927_mask.png,0.0002700270027002,0.0288989078339179,0.0285690197841726,0.0,0.0003395897973853,0.7597642540931702,0.9928195476531982,800,outputs/experiments/noise_density/n800/metrics/sam_iou.csv,-0.02913124386375353,0.000339589797385306,-0.029470833661138836
COCO_val2014_000000318219_ann1969884,outputs/experiments/noise_density/n800/assets/images/COCO_val2014_000000318219.png,outputs/experiments/noise_density/n800/stimuli/fragments/COCO_val2014_000000318219_ann1969884_fragmented.png,outputs/experiments/noise_density/n800/assets/masks/COCO_val2014_000000318219_ann1969884_mask.png,0.8120162464556671,0.0339256453725385,0.0337314523381295,0.8054539247922259,0.0002009721157528,0.9884819984436036,0.982248067855835,800,outputs/experiments/noise_density/n800/metrics/sam_iou.csv,0.8054539247922259,0.00020097211575280757,0.8052529526764731
COCO_val2014_000000318219_ann1969971,outputs/experiments/noise_density/n800/assets/images/COCO_val2014_000000318219.png,outputs/experiments/noise_density/n800/stimuli/fragments/COCO_val2014_000000318219_ann1969971_fragmented.png,outputs/experiments/noise_density/n800/assets/masks/COCO_val2014_000000318219_ann1969971_mask.png,0.7373737373737373,0.0183469304883901,0.0182329136690647,0.7324963667220188,0.0001161342857311,0.963463306427002,0.9933894872665404,800,outputs/experiments/noise_density/n800/metrics/sam_iou.csv,0.7324963667220188,0.00011613428573115534,0.7323802324362876
COCO_val2014_000000554625_ann30093,outputs/experiments/noise_density/n800/assets/images/COCO_val2014_000000554625.png,outputs/experiments/noise_density/n800/stimuli/fragments/COCO_val2014_000000554625_ann30093_fragmented.png,outputs/experiments/noise_density/n800/assets/masks/COCO_val2014_000000554625_ann30093_mask.png,0.4553933113518605,0.0289478952714977,0.0286384976525821,0.4393367584241001,0.0003185195400145,0.982239842414856,0.9712207317352296,800,outputs/experiments/noise_density/n800/metrics/sam_iou.csv,0.4393367584241,0.00031851954001461225,0.4390182388840854
COCO_val2014_000000554625_ann200698,outputs/experiments/noise_density/n800/assets/images/COCO_val2014_000000554625.png,outputs/experiments/noise_density/n800/stimuli/fragments/COCO_val2014_000000554625_ann200698_fragmented.png,outputs/experiments/noise_density/n800/assets/masks/COCO_val2014_000000554625_ann200698_mask.png,0.4146160733582389,0.1094473041127229,0.1081279342723004,0.3436458555699549,0.001479326341885,0.9941143989562988,0.9693307876586914,800,outputs/experiments/noise_density/n800/metrics/sam_iou.csv,0.3436458555699551,0.0014793263418851348,0.34216652922806995
COCO_val2014_000000554625_ann215463,outputs/experiments/noise_density/n800/assets/images/COCO_val2014_000000554625.png,outputs/experiments/noise_density/n800/stimuli/fragments/COCO_val2014_000000554625_ann215463_fragmented.png,outputs/experiments/noise_density/n800/assets/masks/COCO_val2014_000000554625_ann215463_mask.png,0.4675211185551995,0.023406445069246,0.0230303697183098,0.4549688496547527,0.0003849406770482,0.8824983239173889,0.9816279411315918,800,outputs/experiments/noise_density/n800/metrics/sam_iou.csv,0.4549688496547528,0.0003849406770482377,0.45458390897770456
COCO_val2014_000000554625_ann1115813,outputs/experiments/noise_density/n800/assets/images/COCO_val2014_000000554625.png,outputs/experiments/noise_density/n800/stimuli/fragments/COCO_val2014_000000554625_ann1115813_fragmented.png,outputs/experiments/noise_density/n800/assets/masks/COCO_val2014_000000554625_ann1115813_mask.png,0.1027549288418853,0.0283172687644886,0.0280919894366197,0.0768209939559878,0.0002317907923593,0.9046051502227784,0.98956036567688,800,outputs/experiments/noise_density/n800/metrics/sam_iou.csv,0.07682099395598785,0.00023179079235936554,0.07658920316362848
COCO_val2014_000000554625_ann1708274,outputs/experiments/noise_density/n800/assets/images/COCO_val2014_000000554625.png,outputs/experiments/noise_density/n800/stimuli/fragments/COCO_val2014_000000554625_ann1708274_fragmented.png,outputs/experiments/noise_density/n800/assets/masks/COCO_val2014_000000554625_ann1708274_mask.png,0.4237909906119336,0.2751162118280287,0.2732357687793427,0.2071582713691366,0.0025874182684082,0.9934514760971068,0.96684992313385,800,outputs/experiments/noise_density/n800/metrics/sam_iou.csv,0.20715827136913667,0.002587418268408254,0.20457085310072842
